id,rank,title,fulltitle,year,image,crew,imdbrating,imdbratingcount,rated,released,runtime,genre,director,writer,actors,plot,language,country,awards,poster,metascore,imdbvotes,imdbid,type,dvd,boxoffice,production,website,response
tt0038650,21,It's a Wonderful Life,It's a Wonderful Life (1946),1946,"https://m.media-amazon.com/images/M/MV5BZjc4NDZhZWMtNGEzYS00ZWU2LThlM2ItNTA0YzQ0OTExMTE2XkEyXkFqcGdeQXVyNjUwMzI2NzU@._V1_UX128_CR0,3,128,176_AL_.jpg","Frank Capra (dir.), James Stewart, Donna Reed",8.6,443101,PG,07 Jan 1947,130 min,"Drama, Family, Fantasy",Frank Capra,"Frances Goodrich, Albert Hackett, Frank Capra","James Stewart, Donna Reed, Lionel Barrymore",An angel is sent from Heaven to help a desperately frustrated businessman by showing him what life would have been like if he had never existed.,"English, French",United States,Nominated for 5 Oscars. 11 wins & 7 nominations total,https://m.media-amazon.com/images/M/MV5BMDM4OWFhYjEtNTE5Yy00NjcyLTg5N2UtZDQwNDZlYjlmNDU5XkEyXkFqcGc@._V1_SX300.jpg,89,"526,295",tt0038650,movie,N/A,"$1,483,643",N/A,N/A,True
tt0047478,20,Seven Samurai,Seven Samurai (1954),1954,"https://m.media-amazon.com/images/M/MV5BNWQ3OTM4ZGItMWEwZi00MjI5LWI3YzgtNTYwNWRkNmIzMGI5XkEyXkFqcGdeQXVyNDY2MTk1ODk@._V1_UX128_CR0,1,128,176_AL_.jpg","Akira Kurosawa (dir.), Toshirô Mifune, Takashi Shimura",8.6,337792,Not Rated,19 Nov 1956,207 min,"Action, Drama",Akira Kurosawa,"Akira Kurosawa, Shinobu Hashimoto, Hideo Oguni","Toshirô Mifune, Takashi Shimura, Keiko Tsushima","Farmers from a village exploited by bandits hire a veteran samurai for protection, and he gathers six other samurai to join him.",Japanese,Japan,Nominated for 2 Oscars. 5 wins & 9 nominations total,https://m.media-amazon.com/images/M/MV5BZjliMWExOTMtZDQ3ZS00NWU3LWIyN2EtMjllNzk3ZTNlYzg4XkEyXkFqcGc@._V1_SX300.jpg,98,"386,001",tt0047478,movie,N/A,"$820,278",N/A,N/A,True
tt0050083,5,12 Angry Men,12 Angry Men (1957),1957,"https://m.media-amazon.com/images/M/MV5BMWU4N2FjNzYtNTVkNC00NzQ0LTg0MjAtYTJlMjFhNGUxZDFmXkEyXkFqcGdeQXVyNjc1NTYyMjg@._V1_UX128_CR0,3,128,176_AL_.jpg","Sidney Lumet (dir.), Henry Fonda, Lee J. Cobb",9.0,759763,Approved,10 Apr 1957,96 min,"Crime, Drama",Sidney Lumet,Reginald Rose,"Henry Fonda, Lee J. Cobb, Martin Balsam",The jury in a New York City murder trial is frustrated by a single member whose skeptical caution forces them to more carefully consider the evidence before jumping to a hasty verdict.,English,United States,Nominated for 3 Oscars. 16 wins & 12 nominations total,https://m.media-amazon.com/images/M/MV5BYjE4NzdmOTYtYjc5Yi00YzBiLWEzNDEtNTgxZGQ2MWVkN2NiXkEyXkFqcGc@._V1_SX300.jpg,97,"931,674",tt0050083,movie,N/A,N/A,N/A,N/A,True
tt0054215,32,Psycho,Psycho (1960),1960,"https://m.media-amazon.com/images/M/MV5BNTQwNDM1YzItNDAxZC00NWY2LTk0M2UtNDIwNWI5OGUyNWUxXkEyXkFqcGdeQXVyNzkwMjQ5NzM@._V1_UX128_CR0,3,128,176_AL_.jpg","Alfred Hitchcock (dir.), Anthony Perkins, Janet Leigh",8.5,650581,R,08 Sep 1960,109 min,"Drama, Horror, Mystery",Alfred Hitchcock,"Joseph Stefano, Robert Bloch","Anthony Perkins, Janet Leigh, Vera Miles",A secretary on the run for embezzlement takes refuge at a secluded California motel owned by a repressed man and his overbearing mother.,English,United States,Nominated for 4 Oscars. 8 wins & 14 nominations total,https://m.media-amazon.com/images/M/MV5BYjZhMzFiZjItODA3ZC00MmRhLWIzMGYtMmVjOWUwYTA3MTRjXkEyXkFqcGc@._V1_SX300.jpg,97,"754,598",tt0054215,movie,N/A,"$32,181,230",N/A,N/A,True
tt0060196,10,"The Good, the Bad and the Ugly","The Good, the Bad and the Ugly (1966)",1966,"https://m.media-amazon.com/images/M/MV5BNjJlYmNkZGItM2NhYy00MjlmLTk5NmQtNjg1NmM2ODU4OTMwXkEyXkFqcGdeQXVyMjUzOTY1NTc@._V1_UX128_CR0,3,128,176_AL_.jpg","Sergio Leone (dir.), Clint Eastwood, Eli Wallach",8.8,739563,R,29 Dec 1967,178 min,"Adventure, Drama, Western",Sergio Leone,"Luciano Vincenzoni, Sergio Leone, Agenore Incrocci","Clint Eastwood, Eli Wallach, Lee Van Cleef",A bounty-hunting scam joins two men in an uneasy alliance against a third in a race to find a fortune in gold buried in a remote cemetery.,"Italian, English","Italy, Spain, West Germany, United States",2 wins & 5 nominations total,https://m.media-amazon.com/images/M/MV5BMWM5ZjQxM2YtNDlmYi00ZDNhLWI4MWUtN2VkYjBlMTY1ZTkwXkEyXkFqcGc@._V1_SX300.jpg,90,"857,148",tt0060196,movie,N/A,"$25,100,000",N/A,N/A,True
tt0068646,2,The Godfather,The Godfather (1972),1972,"https://m.media-amazon.com/images/M/MV5BM2MyNjYxNmUtYTAwNi00MTYxLWJmNWYtYzZlODY3ZTk3OTFlXkEyXkFqcGdeQXVyNzkwMjQ5NzM@._V1_UX128_CR0,1,128,176_AL_.jpg","Francis Ford Coppola (dir.), Marlon Brando, Al Pacino",9.2,1771457,R,24 Mar 1972,175 min,"Crime, Drama",Francis Ford Coppola,"Mario Puzo, Francis Ford Coppola","Marlon Brando, Al Pacino, James Caan",The aging patriarch of an organized crime dynasty transfers control of his clandestine empire to his reluctant son.,"English, Italian, Latin",United States,Won 3 Oscars. 31 wins & 31 nominations total,https://m.media-amazon.com/images/M/MV5BNGEwYjgwOGQtYjg5ZS00Njc1LTk2ZGEtM2QwZWQ2NjdhZTE5XkEyXkFqcGc@._V1_SX300.jpg,100,"2,132,118",tt0068646,movie,N/A,"$136,381,073",N/A,N/A,True
tt0071562,4,The Godfather Part II,The Godfather: Part II (1974),1974,"https://m.media-amazon.com/images/M/MV5BMWMwMGQzZTItY2JlNC00OWZiLWIyMDctNDk2ZDQ2YjRjMWQ0XkEyXkFqcGdeQXVyNzkwMjQ5NzM@._V1_UX128_CR0,1,128,176_AL_.jpg","Francis Ford Coppola (dir.), Al Pacino, Robert De Niro",9.0,1225028,R,18 Dec 1974,202 min,"Crime, Drama",Francis Ford Coppola,"Francis Ford Coppola, Mario Puzo","Al Pacino, Robert De Niro, Robert Duvall","The early life and career of Vito Corleone in 1920s New York City is portrayed, while his son, Michael, expands and tightens his grip on the family crime syndicate.","English, Italian, Spanish, Latin, Sicilian",United States,Won 6 Oscars. 17 wins & 21 nominations total,https://m.media-amazon.com/images/M/MV5BMDIxMzBlZDktZjMxNy00ZGI4LTgxNDEtYWRlNzRjMjJmOGQ1XkEyXkFqcGc@._V1_SX300.jpg,90,"1,429,496",tt0071562,movie,N/A,"$47,834,595",N/A,N/A,True
tt0073486,18,One Flew Over the Cuckoo's Nest,One Flew Over the Cuckoo's Nest (1975),1975,"https://m.media-amazon.com/images/M/MV5BZjA0OWVhOTAtYWQxNi00YzNhLWI4ZjYtNjFjZTEyYjJlNDVlL2ltYWdlL2ltYWdlXkEyXkFqcGdeQXVyMTQxNzMzNDI@._V1_UX128_CR0,3,128,176_AL_.jpg","Milos Forman (dir.), Jack Nicholson, Louise Fletcher",8.7,979541,R,19 Nov 1975,133 min,Drama,Milos Forman,"Lawrence Hauben, Bo Goldman, Ken Kesey","Jack Nicholson, Louise Fletcher, Michael Berryman","A rebellious convict is sent to a psychiatric hospital for evaluation in 1963 Oregon, and encourages his docile companions to take more control of their lives and defy the tyrannical head nurse.",English,United States,Won 5 Oscars. 38 wins & 15 nominations total,https://m.media-amazon.com/images/M/MV5BYjBkMjgzMzYtNzRiMS00NDc3LWE4YTUtZjYxYjZhNjNhYzhhXkEyXkFqcGc@._V1_SX300.jpg,84,"1,121,711",tt0073486,movie,N/A,"$108,981,275",N/A,N/A,True
tt0076759,28,Star Wars: Episode IV - A New Hope,Star Wars (1977),1977,"https://m.media-amazon.com/images/M/MV5BNzVlY2MwMjktM2E4OS00Y2Y3LWE3ZjctYzhkZGM3YzA1ZWM2XkEyXkFqcGdeQXVyNzkwMjQ5NzM@._V1_UX128_CR0,3,128,176_AL_.jpg","George Lucas (dir.), Mark Hamill, Harrison Ford",8.6,1315980,PG,25 May 1977,121 min,"Action, Adventure, Fantasy",George Lucas,George Lucas,"Mark Hamill, Harrison Ford, Carrie Fisher","Luke Skywalker joins forces with a Jedi Knight, a cocky pilot, a Wookiee and two droids to save the galaxy from the Empire's world-destroying battle station, while also attempting to rescue Princess Leia from the mysterious Darth ...",English,United States,Won 6 Oscars. 70 wins & 31 nominations total,https://m.media-amazon.com/images/M/MV5BOGUwMDk0Y2MtNjBlNi00NmRiLTk2MWYtMGMyMDlhYmI4ZDBjXkEyXkFqcGc@._V1_SX300.jpg,90,"1,514,754",tt0076759,movie,N/A,"$460,998,507",N/A,N/A,True
tt0080684,15,Star Wars: Episode V - The Empire Strikes Back,Star Wars: Episode V - The Empire Strikes Back (1980),1980,"https://m.media-amazon.com/images/M/MV5BYmU1NDRjNDgtMzhiMi00NjZmLTg5NGItZDNiZjU5NTU4OTE0XkEyXkFqcGdeQXVyNzkwMjQ5NzM@._V1_UX128_CR0,3,128,176_AL_.jpg","Irvin Kershner (dir.), Mark Hamill, Harrison Ford",8.7,1244488,PG,18 Jun 1980,124 min,"Action, Adventure, Fantasy",Irvin Kershner,"Leigh Brackett, Lawrence Kasdan, George Lucas","Mark Hamill, Harrison Ford, Carrie Fisher","After the Empire overpowers the Rebel Alliance, Luke Skywalker begins training with Jedi Master Yoda, while Darth Vader and bounty hunter Boba Fett pursue his friends across the galaxy.",English,United States,Won 1 Oscar. 27 wins & 21 nominations total,https://m.media-amazon.com/images/M/MV5BMTkxNGFlNDktZmJkNC00MDdhLTg0MTEtZjZiYWI3MGE5NWIwXkEyXkFqcGc@._V1_SX300.jpg,82,"1,448,939",tt0080684,movie,N/A,"$292,753,960",N/A,N/A,True
tt0088763,30,Back to the Future,Back to the Future (1985),1985,"https://m.media-amazon.com/images/M/MV5BZmU0M2Y1OGUtZjIxNi00ZjBkLTg1MjgtOWIyNThiZWIwYjRiXkEyXkFqcGdeQXVyMTQxNzMzNDI@._V1_UX128_CR0,3,128,176_AL_.jpg","Robert Zemeckis (dir.), Michael J. Fox, Christopher Lloyd",8.5,1154703,PG,03 Jul 1985,116 min,"Adventure, Comedy, Sci-Fi",Robert Zemeckis,"Robert Zemeckis, Bob Gale","Michael J. Fox, Christopher Lloyd, Lea Thompson","Marty McFly, a 17-year-old high school student, is accidentally sent 30 years into the past in a time-traveling DeLorean invented by his close friend, the maverick scientist Doc Brown.",English,United States,Won 1 Oscar. 27 wins & 25 nominations total,https://m.media-amazon.com/images/M/MV5BZmM3ZjE0NzctNjBiOC00MDZmLTgzMTUtNGVlOWFlOTNiZDJiXkEyXkFqcGc@._V1_SX300.jpg,87,"1,383,116",tt0088763,movie,N/A,"$214,553,307",N/A,N/A,True
tt0099685,17,Goodfellas,Goodfellas (1990),1990,"https://m.media-amazon.com/images/M/MV5BY2NkZjEzMDgtN2RjYy00YzM1LWI4ZmQtMjIwYjFjNmI3ZGEwXkEyXkFqcGdeQXVyNzkwMjQ5NzM@._V1_UX128_CR0,3,128,176_AL_.jpg","Martin Scorsese (dir.), Robert De Niro, Ray Liotta",8.7,1110050,R,21 Sep 1990,145 min,"Biography, Crime, Drama",Martin Scorsese,"Nicholas Pileggi, Martin Scorsese","Robert De Niro, Ray Liotta, Joe Pesci","The story of Henry Hill and his life in the mafia, covering his relationship with his wife Karen and his mob partners Jimmy Conway and Tommy DeVito.","English, Italian, Hebrew, Yiddish",United States,Won 1 Oscar. 44 wins & 38 nominations total,https://m.media-amazon.com/images/M/MV5BN2E5NzI2ZGMtY2VjNi00YTRjLWI1MDUtZGY5OWU1MWJjZjRjXkEyXkFqcGc@._V1_SX300.jpg,92,"1,332,607",tt0099685,movie,N/A,"$46,909,721",N/A,N/A,True
tt0102926,22,The Silence of the Lambs,The Silence of the Lambs (1991),1991,"https://m.media-amazon.com/images/M/MV5BNjNhZTk0ZmEtNjJhMi00YzFlLWE1MmEtYzM1M2ZmMGMwMTU4XkEyXkFqcGdeQXVyNjU0OTQ0OTY@._V1_UX128_CR0,3,128,176_AL_.jpg","Jonathan Demme (dir.), Jodie Foster, Anthony Hopkins",8.6,1379061,R,14 Feb 1991,118 min,"Crime, Drama, Horror",Jonathan Demme,"Thomas Harris, Ted Tally","Jodie Foster, Anthony Hopkins, Scott Glenn","A young F.B.I. cadet must receive the help of an incarcerated and manipulative cannibal killer to help catch another serial killer, a madman who skins his victims.","English, Latin",United States,Won 5 Oscars. 71 wins & 50 nominations total,https://m.media-amazon.com/images/M/MV5BNDdhOGJhYzctYzYwZC00YmI2LWI0MjctYjg4ODdlMDExYjBlXkEyXkFqcGc@._V1_SX300.jpg,86,"1,641,642",tt0102926,movie,N/A,"$130,742,922",N/A,N/A,True
tt0103064,29,Terminator 2: Judgment Day,Terminator 2: Judgment Day (1991),1991,"https://m.media-amazon.com/images/M/MV5BMGU2NzRmZjUtOGUxYS00ZjdjLWEwZWItY2NlM2JhNjkxNTFmXkEyXkFqcGdeQXVyNjU0OTQ0OTY@._V1_UX128_CR0,3,128,176_AL_.jpg","James Cameron (dir.), Arnold Schwarzenegger, Linda Hamilton",8.6,1063803,R,03 Jul 1991,137 min,"Action, Adventure, Sci-Fi",James Cameron,"James Cameron, William Wisher","Arnold Schwarzenegger, Linda Hamilton, Edward Furlong","A cyborg, identical to the one who failed to kill Sarah Connor, must now protect her ten year old son John from an even more advanced and powerful cyborg.","English, Spanish","United States, France",Won 4 Oscars. 39 wins & 33 nominations total,https://m.media-amazon.com/images/M/MV5BNGMyMGNkMDUtMjc2Ni00NWFlLTgyODEtZTY2MzBiZTg0OWZiXkEyXkFqcGc@._V1_SX300.jpg,75,"1,236,678",tt0103064,movie,N/A,"$205,881,154",N/A,N/A,True
tt0108052,6,Schindler's List,Schindler's List (1993),1993,"https://m.media-amazon.com/images/M/MV5BNDE4OTMxMTctNmRhYy00NWE2LTg3YzItYTk3M2UwOTU5Njg4XkEyXkFqcGdeQXVyNjU0OTQ0OTY@._V1_UX128_CR0,3,128,176_AL_.jpg","Steven Spielberg (dir.), Liam Neeson, Ralph Fiennes",9.0,1310450,R,04 Feb 1994,195 min,"Biography, Drama, History",Steven Spielberg,"Thomas Keneally, Steven Zaillian","Liam Neeson, Ralph Fiennes, Ben Kingsley","In German-occupied Poland during World War II, industrialist Oskar Schindler gradually becomes concerned for his Jewish workforce after witnessing their persecution by the Nazis.","English, Hebrew, German, Polish, Latin",United States,Won 7 Oscars. 91 wins & 49 nominations total,https://m.media-amazon.com/images/M/MV5BNjM1ZDQxYWUtMzQyZS00MTE1LWJmZGYtNGUyNTdlYjM3ZmVmXkEyXkFqcGc@._V1_SX300.jpg,95,"1,522,278",tt0108052,movie,N/A,"$96,898,818",N/A,N/A,True
tt0109830,11,Forrest Gump,Forrest Gump (1994),1994,"https://m.media-amazon.com/images/M/MV5BNWIwODRlZTUtY2U3ZS00Yzg1LWJhNzYtMmZiYmEyNmU1NjMzXkEyXkFqcGdeQXVyMTQxNzMzNDI@._V1_UX128_CR0,3,128,176_AL_.jpg","Robert Zemeckis (dir.), Tom Hanks, Robin Wright",8.8,1984402,PG-13,06 Jul 1994,142 min,"Drama, Romance",Robert Zemeckis,"Winston Groom, Eric Roth","Tom Hanks, Robin Wright, Gary Sinise","The history of the United States from the 1950s to the '70s unfolds from the perspective of an Alabama man with an IQ of 75, who yearns to be reunited with his childhood sweetheart.",English,United States,Won 6 Oscars. 51 wins & 74 nominations total,https://m.media-amazon.com/images/M/MV5BNDYwNzVjMTItZmU5YS00YjQ5LTljYjgtMjY2NDVmYWMyNWFmXkEyXkFqcGc@._V1_SX300.jpg,82,"2,386,256",tt0109830,movie,N/A,"$330,455,270",N/A,N/A,True
tt0110413,34,Léon: The Professional,Léon: The Professional (1994),1994,"https://m.media-amazon.com/images/M/MV5BODllNWE0MmEtYjUwZi00ZjY3LThmNmQtZjZlMjI2YTZjYmQ0XkEyXkFqcGdeQXVyNTc1NTQxODI@._V1_UX128_CR0,3,128,176_AL_.jpg","Luc Besson (dir.), Jean Reno, Gary Oldman",8.5,1121369,R,18 Nov 1994,110 min,"Action, Crime, Drama",Luc Besson,Luc Besson,"Jean Reno, Gary Oldman, Natalie Portman",An Italian hit man protects a New York orphan.,"English, Italian, French","France, United States",5 wins & 16 nominations total,https://m.media-amazon.com/images/M/MV5BNGRkYTNhOWQtYmI0Ni00MjZhLWJmMzAtMTA2Mjg4NGNiNDU0XkEyXkFqcGc@._V1_SX300.jpg,64,"1,306,102",tt0110413,movie,N/A,"$19,501,238",N/A,N/A,True
tt0110912,8,Pulp Fiction,Pulp Fiction (1994),1994,"https://m.media-amazon.com/images/M/MV5BNGNhMDIzZTUtNTBlZi00MTRlLWFjM2ItYzViMjE3YzI5MjljXkEyXkFqcGdeQXVyNzkwMjQ5NzM@._V1_UX128_CR0,3,128,176_AL_.jpg","Quentin Tarantino (dir.), John Travolta, Uma Thurman",8.8,1974579,R,14 Oct 1994,154 min,"Crime, Drama",Quentin Tarantino,"Quentin Tarantino, Roger Avary","John Travolta, Uma Thurman, Samuel L. Jackson","The lives of two mob hitmen, a boxer, a gangster and his wife, and a pair of diner bandits intertwine in four tales of violence and redemption.","English, Spanish, French",United States,Won 1 Oscar. 69 wins & 72 nominations total,https://m.media-amazon.com/images/M/MV5BYTViYTE3ZGQtNDBlMC00ZTAyLTkyODMtZGRiZDg0MjA2YThkXkEyXkFqcGc@._V1_SX300.jpg,95,"2,342,028",tt0110912,movie,N/A,"$107,928,762",N/A,N/A,True
tt0111161,1,The Shawshank Redemption,The Shawshank Redemption (1994),1994,"https://m.media-amazon.com/images/M/MV5BMDFkYTc0MGEtZmNhMC00ZDIzLWFmNTEtODM1ZmRlYWMwMWFmXkEyXkFqcGdeQXVyMTMxODk2OTU@._V1_UX128_CR0,3,128,176_AL_.jpg","Frank Darabont (dir.), Tim Robbins, Morgan Freeman",9.3,2572473,R,14 Oct 1994,142 min,Drama,Frank Darabont,"Stephen King, Frank Darabont","Tim Robbins, Morgan Freeman, Bob Gunton","A banker convicted of uxoricide forms a friendship over a quarter century with a hardened convict, while maintaining his innocence and trying to remain hopeful through simple compassion.",English,United States,Nominated for 7 Oscars. 21 wins & 42 nominations total,https://m.media-amazon.com/images/M/MV5BMDAyY2FhYjctNDc5OS00MDNlLThiMGUtY2UxYWVkNGY2ZjljXkEyXkFqcGc@._V1_SX300.jpg,82,"3,059,994",tt0111161,movie,N/A,"$28,767,189",N/A,N/A,True
tt0114369,19,Se7en,Se7en (1995),1995,"https://m.media-amazon.com/images/M/MV5BOTUwODM5MTctZjczMi00OTk4LTg3NWUtNmVhMTAzNTNjYjcyXkEyXkFqcGdeQXVyNjU0OTQ0OTY@._V1_UX128_CR0,3,128,176_AL_.jpg","David Fincher (dir.), Morgan Freeman, Brad Pitt",8.6,1577779,R,22 Sep 1995,127 min,"Crime, Drama, Mystery",David Fincher,Andrew Kevin Walker,"Morgan Freeman, Brad Pitt, Kevin Spacey","Two detectives, a rookie and a veteran, hunt a serial killer who uses the seven deadly sins as his motives.",English,United States,Nominated for 1 Oscar. 29 wins & 44 nominations total,https://m.media-amazon.com/images/M/MV5BY2IzNzMxZjctZjUxZi00YzAxLTk3ZjMtODFjODdhMDU5NDM1XkEyXkFqcGc@._V1_SX300.jpg,65,"1,918,385",tt0114369,movie,N/A,"$101,040,643",N/A,N/A,True
tt0118799,25,Life Is Beautiful,Life Is Beautiful (1997),1997,"https://m.media-amazon.com/images/M/MV5BYmJmM2Q4NmMtYThmNC00ZjRlLWEyZmItZTIwOTBlZDQ3NTQ1XkEyXkFqcGdeQXVyMTQxNzMzNDI@._V1_UX128_CR0,3,128,176_AL_.jpg","Roberto Benigni (dir.), Roberto Benigni, Nicoletta Braschi",8.6,673684,PG-13,20 Dec 1997,116 min,"Comedy, Drama, Romance",Roberto Benigni,"Vincenzo Cerami, Roberto Benigni","Roberto Benigni, Nicoletta Braschi, Giorgio Cantarini","When an open-minded Jewish waiter and his son become victims of the Holocaust, he uses a perfect mixture of will, humor and imagination to protect his son from the dangers around their camp.","Italian, German, English",Italy,Won 3 Oscars. 72 wins & 52 nominations total,https://m.media-amazon.com/images/M/MV5BZTBhOGYzZjQtYzE0Mi00MGIwLWE0MWYtNzMxNTM2OTFkM2NjXkEyXkFqcGc@._V1_SX300.jpg,58,"781,966",tt0118799,movie,N/A,"$57,563,264",N/A,N/A,True
tt0120689,26,The Green Mile,The Green Mile (1999),1999,"https://m.media-amazon.com/images/M/MV5BMTUxMzQyNjA5MF5BMl5BanBnXkFtZTYwOTU2NTY3._V1_UX128_CR0,3,128,176_AL_.jpg","Frank Darabont (dir.), Tom Hanks, Michael Clarke Duncan",8.6,1250949,R,10 Dec 1999,189 min,"Crime, Drama, Fantasy",Frank Darabont,"Stephen King, Frank Darabont","Tom Hanks, Michael Clarke Duncan, David Morse",A death row guard learns that a gentle giant in his charge possesses a mysterious gift.,"English, French",United States,Nominated for 4 Oscars. 15 wins & 37 nominations total,https://m.media-amazon.com/images/M/MV5BMTUxMzQyNjA5MF5BMl5BanBnXkFtZTYwOTU2NTY3._V1_SX300.jpg,61,"1,492,698",tt0120689,movie,N/A,"$136,801,374",N/A,N/A,True
tt0120737,9,The Lord of the Rings: The Fellowship of the Ring,The Lord of the Rings: The Fellowship of the Ring (2001),2001,"https://m.media-amazon.com/images/M/MV5BN2EyZjM3NzUtNWUzMi00MTgxLWI0NTctMzY4M2VlOTdjZWRiXkEyXkFqcGdeQXVyNDUzOTQ5MjY@._V1_UX128_CR0,3,128,176_AL_.jpg","Peter Jackson (dir.), Elijah Wood, Ian McKellen",8.9,1791126,PG-13,19 Dec 2001,178 min,"Adventure, Drama, Fantasy",Peter Jackson,"J.R.R. Tolkien, Fran Walsh, Philippa Boyens","Elijah Wood, Ian McKellen, Orlando Bloom",A meek Hobbit from the Shire and eight companions set out on a journey to destroy the powerful One Ring and save Middle-earth from the Dark Lord Sauron.,"English, Sindarin","New Zealand, United States, United Kingdom",Won 4 Oscars. 125 wins & 126 nominations total,https://m.media-amazon.com/images/M/MV5BNzIxMDQ2YTctNDY4MC00ZTRhLTk4ODQtMTVlOWY4NTdiYmMwXkEyXkFqcGc@._V1_SX300.jpg,92,"2,114,633",tt0120737,movie,N/A,"$319,372,078",N/A,N/A,True
tt0120815,23,Saving Private Ryan,Saving Private Ryan (1998),1998,"https://m.media-amazon.com/images/M/MV5BZjhkMDM4MWItZTVjOC00ZDRhLThmYTAtM2I5NzBmNmNlMzI1XkEyXkFqcGdeQXVyNDYyMDk5MTU@._V1_UX128_CR0,3,128,176_AL_.jpg","Steven Spielberg (dir.), Tom Hanks, Matt Damon",8.6,1340092,R,24 Jul 1998,169 min,"Drama, War",Steven Spielberg,Robert Rodat,"Tom Hanks, Matt Damon, Tom Sizemore","Following the Normandy Landings, a group of U.S. soldiers go behind enemy lines to retrieve a paratrooper whose comrades have been killed in action.","English, French, German, Czech",United States,Won 5 Oscars. 79 wins & 75 nominations total,https://m.media-amazon.com/images/M/MV5BZGZhZGQ1ZWUtZTZjYS00MDJhLWFkYjctN2ZlYjE5NWYwZDM2XkEyXkFqcGc@._V1_SX300.jpg,91,"1,576,050",tt0120815,movie,N/A,"$217,049,603",N/A,N/A,True
tt0133093,16,The Matrix,The Matrix (1999),1999,"https://m.media-amazon.com/images/M/MV5BNzQzOTk3OTAtNDQ0Zi00ZTVkLWI0MTEtMDllZjNkYzNjNTc4L2ltYWdlXkEyXkFqcGdeQXVyNjU0OTQ0OTY@._V1_UX128_CR0,3,128,176_AL_.jpg","Lana Wachowski (dir.), Keanu Reeves, Laurence Fishburne",8.7,1851053,R,31 Mar 1999,136 min,"Action, Sci-Fi","Lana Wachowski, Lilly Wachowski","Lilly Wachowski, Lana Wachowski","Keanu Reeves, Laurence Fishburne, Carrie-Anne Moss","When a beautiful stranger leads computer hacker Neo to a forbidding underworld, he discovers the shocking truth--the life he knows is the elaborate deception of an evil cyber-intelligence.",English,"United States, Australia",Won 4 Oscars. 42 wins & 52 nominations total,https://m.media-amazon.com/images/M/MV5BN2NmN2VhMTQtMDNiOS00NDlhLTliMjgtODE2ZTY0ODQyNDRhXkEyXkFqcGc@._V1_SX300.jpg,73,"2,162,751",tt0133093,movie,N/A,"$172,076,928",N/A,N/A,True
tt0137523,12,Fight Club,Fight Club (1999),1999,"https://m.media-amazon.com/images/M/MV5BNDIzNDU0YzEtYzE5Ni00ZjlkLTk5ZjgtNjM3NWE4YzA3Nzk3XkEyXkFqcGdeQXVyMjUzOTY1NTc@._V1_UX128_CR0,3,128,176_AL_.jpg","David Fincher (dir.), Brad Pitt, Edward Norton",8.8,2024454,R,15 Oct 1999,139 min,"Crime, Drama, Thriller",David Fincher,"Chuck Palahniuk, Jim Uhls","Brad Pitt, Edward Norton, Meat Loaf",An insomniac office worker and a devil-may-care soap maker form an underground fight club that evolves into much more.,English,"Germany, United States",Nominated for 1 Oscar. 12 wins & 38 nominations total,https://m.media-amazon.com/images/M/MV5BOTgyOGQ1NDItNGU3Ny00MjU3LTg2YWEtNmEyYjBiMjI1Y2M5XkEyXkFqcGc@._V1_SX300.jpg,67,"2,478,774",tt0137523,movie,N/A,"$37,030,102",N/A,N/A,True
tt0167260,7,The Lord of the Rings: The Return of the King,The Lord of the Rings: The Return of the King (2003),2003,"https://m.media-amazon.com/images/M/MV5BNzA5ZDNlZWMtM2NhNS00NDJjLTk4NDItYTRmY2EwMWZlMTY3XkEyXkFqcGdeQXVyNzkwMjQ5NzM@._V1_UX128_CR0,3,128,176_AL_.jpg","Peter Jackson (dir.), Elijah Wood, Viggo Mortensen",9.0,1769514,PG-13,17 Dec 2003,201 min,"Adventure, Drama, Fantasy",Peter Jackson,"J.R.R. Tolkien, Fran Walsh, Philippa Boyens","Elijah Wood, Viggo Mortensen, Ian McKellen",Gandalf and Aragorn lead the World of Men against Sauron's army to draw his gaze from Frodo and Sam as they approach Mount Doom with the One Ring.,"English, Quenya, Old English, Sindarin","New Zealand, United States",Won 11 Oscars. 215 wins & 124 nominations total,https://m.media-amazon.com/images/M/MV5BMTZkMjBjNWMtZGI5OC00MGU0LTk4ZTItODg2NWM3NTVmNWQ4XkEyXkFqcGc@._V1_SX300.jpg,94,"2,083,855",tt0167260,movie,N/A,"$381,878,219",N/A,N/A,True
tt0167261,14,The Lord of the Rings: The Two Towers,The Lord of the Rings: The Two Towers (2002),2002,"https://m.media-amazon.com/images/M/MV5BZGMxZTdjZmYtMmE2Ni00ZTdkLWI5NTgtNjlmMjBiNzU2MmI5XkEyXkFqcGdeQXVyNjU0OTQ0OTY@._V1_UX128_CR0,3,128,176_AL_.jpg","Peter Jackson (dir.), Elijah Wood, Ian McKellen",8.8,1598548,PG-13,18 Dec 2002,179 min,"Adventure, Drama, Fantasy",Peter Jackson,"J.R.R. Tolkien, Fran Walsh, Philippa Boyens","Elijah Wood, Ian McKellen, Viggo Mortensen","While Frodo and Sam edge closer to Mordor with the help of the shifty Gollum, the divided fellowship makes a stand against Sauron's new ally, Saruman, and his hordes of Isengard.","English, Sindarin, Old English","New Zealand, United States",Won 2 Oscars. 132 wins & 138 nominations total,https://m.media-amazon.com/images/M/MV5BMGQxMDdiOWUtYjc1Ni00YzM1LWE2NjMtZTg3Y2JkMjEzMTJjXkEyXkFqcGc@._V1_SX300.jpg,87,"1,881,081",tt0167261,movie,N/A,"$345,518,923",N/A,N/A,True
tt0245429,31,Spirited Away,Spirited Away (2001),2001,"https://m.media-amazon.com/images/M/MV5BMjlmZmI5MDctNDE2YS00YWE0LWE5ZWItZDBhYWQ0NTcxNWRhXkEyXkFqcGdeQXVyMTMxODk2OTU@._V1_UX128_CR0,3,128,176_AL_.jpg","Hayao Miyazaki (dir.), Daveigh Chase, Suzanne Pleshette",8.6,727312,PG,28 Mar 2003,124 min,"Animation, Adventure, Family",Hayao Miyazaki,Hayao Miyazaki,"Daveigh Chase, Suzanne Pleshette, Miyu Irino","During her family's move to the suburbs, a sullen 10-year-old girl wanders into a world ruled by gods, witches and spirits, and where humans are changed into beasts.","Japanese, English","Japan, United States",Won 1 Oscar. 58 wins & 31 nominations total,https://m.media-amazon.com/images/M/MV5BNTEyNmEwOWUtYzkyOC00ZTQ4LTllZmUtMjk0Y2YwOGUzYjRiXkEyXkFqcGc@._V1_SX300.jpg,96,"914,044",tt0245429,movie,N/A,"$15,205,725",N/A,N/A,True
tt0253474,33,The Pianist,The Pianist (2002),2002,"https://m.media-amazon.com/images/M/MV5BOWRiZDIxZjktMTA1NC00MDQ2LWEzMjUtMTliZmY3NjQ3ODJiXkEyXkFqcGdeQXVyNjU0OTQ0OTY@._V1_UY176_CR0,0,128,176_AL_.jpg","Roman Polanski (dir.), Adrien Brody, Thomas Kretschmann",8.5,801324,R,28 Mar 2003,150 min,"Biography, Drama, Music",Roman Polanski,"Ronald Harwood, Wladyslaw Szpilman","Adrien Brody, Thomas Kretschmann, Frank Finlay","During WWII, acclaimed Polish musician Wladyslaw faces various struggles as he loses contact with his family. As the situation worsens, he hides in the ruins of Warsaw in order to survive.","English, German, Russian","France, Poland, Germany, United Kingdom, United States",Won 3 Oscars. 57 wins & 74 nominations total,https://m.media-amazon.com/images/M/MV5BMjEwNmEwYjgtNTk3ZC00NjljLTg5ZDctZTY3ZGQwZjRkZmQxXkEyXkFqcGc@._V1_SX300.jpg,85,"970,804",tt0253474,movie,N/A,"$32,590,750",N/A,N/A,True
tt0317248,24,City of God,City of God (2002),2002,"https://m.media-amazon.com/images/M/MV5BOTMwYjc5ZmItYTFjZC00ZGQ3LTlkNTMtMjZiNTZlMWQzNzI5XkEyXkFqcGdeQXVyNzkwMjQ5NzM@._V1_UX128_CR0,3,128,176_AL_.jpg","Fernando Meirelles (dir.), Alexandre Rodrigues, Leandro Firmino",8.6,738769,R,13 Feb 2004,130 min,"Crime, Drama","Fernando Meirelles, Kátia Lund","Bráulio Mantovani, Paulo Lins","Alexandre Rodrigues, Leandro Firmino, Matheus Nachtergaele","In the slums of Rio, two kids' paths diverge as one struggles to become a photographer and the other a kingpin.",Portuguese,"Brazil, France",Nominated for 4 Oscars. 75 wins & 50 nominations total,https://m.media-amazon.com/images/M/MV5BYjY4NGI5OTUtY2ZlZS00Zjk4LTk5N2MtN2JmYWVjNGNmMGRlXkEyXkFqcGc@._V1_SX300.jpg,79,"835,420",tt0317248,movie,N/A,"$7,564,459",N/A,N/A,True
tt0468569,3,The Dark Knight,The Dark Knight (2008),2008,"https://m.media-amazon.com/images/M/MV5BMTMxNTMwODM0NF5BMl5BanBnXkFtZTcwODAyMTk2Mw@@._V1_UX128_CR0,3,128,176_AL_.jpg","Christopher Nolan (dir.), Christian Bale, Heath Ledger",9.0,2538829,PG-13,18 Jul 2008,152 min,"Action, Crime, Drama",Christopher Nolan,"Jonathan Nolan, Christopher Nolan, David S. Goyer","Christian Bale, Heath Ledger, Aaron Eckhart","When a menace known as the Joker wreaks havoc and chaos on the people of Gotham, Batman, James Gordon and Harvey Dent must work together to put an end to the madness.","English, Mandarin","United States, United Kingdom",Won 2 Oscars. 164 wins & 165 nominations total,https://m.media-amazon.com/images/M/MV5BMTMxNTMwODM0NF5BMl5BanBnXkFtZTcwODAyMTk2Mw@@._V1_SX300.jpg,84,"3,029,887",tt0468569,movie,N/A,"$534,987,076",N/A,N/A,True
tt0816692,27,Interstellar,Interstellar (2014),2014,"https://m.media-amazon.com/images/M/MV5BZjdkOTU3MDktN2IxOS00OGEyLWFmMjktY2FiMmZkNWIyODZiXkEyXkFqcGdeQXVyMTMxODk2OTU@._V1_UX128_CR0,3,128,176_AL_.jpg","Christopher Nolan (dir.), Matthew McConaughey, Anne Hathaway",8.7,1716649,PG-13,07 Nov 2014,169 min,"Adventure, Drama, Sci-Fi",Christopher Nolan,"Jonathan Nolan, Christopher Nolan","Matthew McConaughey, Anne Hathaway, Jessica Chastain","When Earth becomes uninhabitable in the future, a farmer and ex-NASA pilot, Joseph Cooper, is tasked to pilot a spacecraft, along with a team of researchers, to find a new planet for humans.",English,"United States, United Kingdom, Canada",Won 1 Oscar. 44 wins & 148 nominations total,https://m.media-amazon.com/images/M/MV5BYzdjMDAxZGItMjI2My00ODA1LTlkNzItOWFjMDU5ZDJlYWY3XkEyXkFqcGc@._V1_SX300.jpg,74,"2,359,881",tt0816692,movie,N/A,"$203,227,580",N/A,N/A,True
tt1375666,13,Inception,Inception (2010),2010,"https://m.media-amazon.com/images/M/MV5BMjAxMzY3NjcxNF5BMl5BanBnXkFtZTcwNTI5OTM0Mw@@._V1_UX128_CR0,3,128,176_AL_.jpg","Christopher Nolan (dir.), Leonardo DiCaprio, Joseph Gordon-Levitt",8.8,2257817,PG-13,16 Jul 2010,148 min,"Action, Adventure, Sci-Fi",Christopher Nolan,Christopher Nolan,"Leonardo DiCaprio, Joseph Gordon-Levitt, Elliot Page","A thief who steals corporate secrets through the use of dream-sharing technology is given the inverse task of planting an idea into the mind of a C.E.O., but his tragic past may doom the project and his team to disaster.","English, Japanese, French","United States, United Kingdom",Won 4 Oscars. 159 wins & 220 nominations total,https://m.media-amazon.com/images/M/MV5BMjAxMzY3NjcxNF5BMl5BanBnXkFtZTcwNTI5OTM0Mw@@._V1_SX300.jpg,74,"2,682,985",tt1375666,movie,N/A,"$292,587,330",N/A,N/A,True
tt6751668,35,Parasite,Parasite (2019),2019,"https://m.media-amazon.com/images/M/MV5BYWZjMjk3ZTItODQ2ZC00NTY5LWE0ZDYtZTI3MjcwN2Q5NTVkXkEyXkFqcGdeQXVyODk4OTc3MTY@._V1_UX128_CR0,3,128,176_AL_.jpg","Bong Joon Ho (dir.), Kang-ho Song, Sun-kyun Lee",8.5,734011,R,08 Nov 2019,132 min,"Drama, Thriller",Bong Joon Ho,"Bong Joon Ho, Han Jin-won","Song Kang-ho, Lee Sun-kyun, Cho Yeo-jeong",Greed and class discrimination threaten the newly formed symbiotic relationship between the wealthy Park family and the destitute Kim clan.,"Korean, English",South Korea,Won 4 Oscars. 318 wins & 266 nominations total,https://m.media-amazon.com/images/M/MV5BYjk1Y2U4MjQtY2ZiNS00OWQyLWI3MmYtZWUwNmRjYWRiNWNhXkEyXkFqcGc@._V1_SX300.jpg,97,"1,058,893",tt6751668,movie,N/A,"$53,847,897",N/A,N/A,True
